Id,Name,Age,Face
1,John,20,"{""x1"": 100, ""y1"": 100, ""x2"": 200, ""y2"": 200}"
2,Jack,30,"{""x1"": 300, ""y1"": 300, ""x2"": 400, ""y2"": 400}"
3,Alice,10,"{""x1"": 300, ""y1"": 300, ""x2"": 400, ""y2"": 400}"
4,Bob,12,"{""x1"": 300, ""y1"": 300, ""x2"": 400, ""y2"": 400}"
1,John,20,"{""x1"": 100, ""y1"": 100, ""x2"": 200, ""y2"": 200}"
2,Jack,30,"{""x1"": 300, ""y1"": 300, ""x2"": 400, ""y2"": 400}"
3,Alice,10,"{""x1"": 300, ""y1"": 300, ""x2"": 400, ""y2"": 400}"
4,Bob,12,"{""x1"": 300, ""y1"": 300, ""x2"": 400, ""y2"": 400}"
1,John,20,"{""x1"": 100, ""y1"": 100, ""x2"": 200, ""y2"": 200}"
2,Jack,30,"{""x1"": 300, ""y1"": 300, ""x2"": 400, ""y2"": 400}"
3,Alice,10,"{""x1"": 300, ""y1"": 300, ""x2"": 400, ""y2"": 400}"
4,Bob,12,"{""x1"": 300, ""y1"": 300, ""x2"": 400, ""y2"": 400}"
1,John,20,"{""x1"": 100, ""y1"": 100, ""x2"": 200, ""y2"": 200}"
2,Jack,30,"{""x1"": 300, ""y1"": 300, ""x2"": 400, ""y2"": 400}"
3,Alice,10,"{""x1"": 300, ""y1"": 300, ""x2"": 400, ""y2"": 400}"
4,Bob,12,"{""x1"": 300, ""y1"": 300, ""x2"": 400, ""y2"": 400}"
1,John,20,"{""x1"": 100, ""y1"": 100, ""x2"": 200, ""y2"": 200}"
2,Jack,30,"{""x1"": 300, ""y1"": 300, ""x2"": 400, ""y2"": 400}"
3,Alice,10,"{""x1"": 300, ""y1"": 300, ""x2"": 400, ""y2"": 400}"
4,Bob,12,"{""x1"": 300, ""y1"": 300, ""x2"": 400, ""y2"": 400}"
1,John,20,"{""x1"": 100, ""y1"": 100, ""x2"": 200, ""y2"": 200}"
2,Jack,30,"{""x1"": 300, ""y1"": 300, ""x2"": 400, ""y2"": 400}"
3,Alice,10,"{""x1"": 300, ""y1"": 300, ""x2"": 400, ""y2"": 400}"
4,Bob,12,"{""x1"": 300, ""y1"": 300, ""x2"": 400, ""y2"": 400}"
1,John,20,"{""x1"": 100, ""y1"": 100, ""x2"": 200, ""y2"": 200}"
2,Jack,30,"{""x1"": 300, ""y1"": 300, ""x2"": 400, ""y2"": 400}"
3,Alice,10,"{""x1"": 300, ""y1"": 300, ""x2"": 400, ""y2"": 400}"
4,Bob,12,"{""x1"": 300, ""y1"": 300, ""x2"": 400, ""y2"": 400}"
1,John,20,"{""x1"": 100, ""y1"": 100, ""x2"": 200, ""y2"": 200}"
2,Jack,30,"{""x1"": 300, ""y1"": 300, ""x2"": 400, ""y2"": 400}"
3,Alice,10,"{""x1"": 300, ""y1"": 300, ""x2"": 400, ""y2"": 400}"
4,Bob,12,"{""x1"": 300, ""y1"": 300, ""x2"": 400, ""y2"": 400}"
1,John,20,"{""x1"": 100, ""y1"": 100, ""x2"": 200, ""y2"": 200}"
2,Jack,30,"{""x1"": 300, ""y1"": 300, ""x2"": 400, ""y2"": 400}"
3,Alice,10,"{""x1"": 300, ""y1"": 300, ""x2"": 400, ""y2"": 400}"
4,Bob,12,"{""x1"": 300, ""y1"": 300, ""x2"": 400, ""y2"": 400}"
1,John,20,"{""x1"": 100, ""y1"": 100, ""x2"": 200, ""y2"": 200}"
2,Jack,30,"{""x1"": 300, ""y1"": 300, ""x2"": 400, ""y2"": 400}"
3,Alice,10,"{""x1"": 300, ""y1"": 300, ""x2"": 400, ""y2"": 400}"
4,Bob,12,"{""x1"": 300, ""y1"": 300, ""x2"": 400, ""y2"": 400}"
1,John,20,"{""x1"": 100, ""y1"": 100, ""x2"": 200, ""y2"": 200}"
2,Jack,30,"{""x1"": 300, ""y1"": 300, ""x2"": 400, ""y2"": 400}"
3,Alice,10,"{""x1"": 300, ""y1"": 300, ""x2"": 400, ""y2"": 400}"
4,Bob,12,"{""x1"": 300, ""y1"": 300, ""x2"": 400, ""y2"": 400}"
1,John,20,"{""x1"": 100, ""y1"": 100, ""x2"": 200, ""y2"": 200}"
2,Jack,30,"{""x1"": 300, ""y1"": 300, ""x2"": 400, ""y2"": 400}"
3,Alice,10,"{""x1"": 300, ""y1"": 300, ""x2"": 400, ""y2"": 400}"
4,Bob,12,"{""x1"": 300, ""y1"": 300, ""x2"": 400, ""y2"": 400}"
1,John,20,"{""x1"": 100, ""y1"": 100, ""x2"": 200, ""y2"": 200}"
2,Jack,30,"{""x1"": 300, ""y1"": 300, ""x2"": 400, ""y2"": 400}"
3,Alice,10,"{""x1"": 300, ""y1"": 300, ""x2"": 400, ""y2"": 400}"
4,Bob,12,"{""x1"": 300, ""y1"": 300, ""x2"": 400, ""y2"": 400}"
1,John,20,"{""x1"": 100, ""y1"": 100, ""x2"": 200, ""y2"": 200}"
2,Jack,30,"{""x1"": 300, ""y1"": 300, ""x2"": 400, ""y2"": 400}"
3,Alice,10,"{""x1"": 300, ""y1"": 300, ""x2"": 400, ""y2"": 400}"
4,Bob,12,"{""x1"": 300, ""y1"": 300, ""x2"": 400, ""y2"": 400}"
1,John,20,"{""x1"": 100, ""y1"": 100, ""x2"": 200, ""y2"": 200}"
2,Jack,30,"{""x1"": 300, ""y1"": 300, ""x2"": 400, ""y2"": 400}"
3,Alice,10,"{""x1"": 300, ""y1"": 300, ""x2"": 400, ""y2"": 400}"
4,Bob,12,"{""x1"": 300, ""y1"": 300, ""x2"": 400, ""y2"": 400}"
